/pub/release-96/gtf/acanthochromis_polyacanthus/Acanthochromis_polyacanthus.ASM210954v1.96.gtf.gz
/pub/release-96/gtf/ailuropoda_melanoleuca/Ailuropoda_melanoleuca.ailMel1.96.gtf.gz
/pub/release-96/gtf/amphilophus_citrinellus/Amphilophus_citrinellus.Midas_v5.96.gtf.gz
/pub/release-96/gtf/amphiprion_ocellaris/Amphiprion_ocellaris.AmpOce1.0.96.gtf.gz
/pub/release-96/gtf/amphiprion_percula/Amphiprion_percula.Nemo_v1.96.gtf.gz
/pub/release-96/gtf/anabas_testudineus/Anabas_testudineus.fAnaTes1.1.96.gtf.gz
/pub/release-96/gtf/anas_platyrhynchos_platyrhynchos/Anas_platyrhynchos_platyrhynchos.CAU_duck1.0.96.gtf.gz
/pub/release-96/gtf/anolis_carolinensis/Anolis_carolinensis.AnoCar2.0.96.gtf.gz
/pub/release-96/gtf/anser_brachyrhynchus/Anser_brachyrhynchus.ASM259213v1.96.gtf.gz
/pub/release-96/gtf/aotus_nancymaae/Aotus_nancymaae.Anan_2.0.96.gtf.gz
/pub/release-96/gtf/apteryx_haastii/Apteryx_haastii.aptHaa1.96.gtf.gz
/pub/release-96/gtf/apteryx_owenii/Apteryx_owenii.aptOwe1.96.gtf.gz
/pub/release-96/gtf/apteryx_rowi/Apteryx_rowi.aptRow1.96.gtf.gz
/pub/release-96/gtf/astatotilapia_calliptera/Astatotilapia_calliptera.fAstCal1.2.96.gtf.gz
/pub/release-96/gtf/astyanax_mexicanus/Astyanax_mexicanus.Astyanax_mexicanus-2.0.96.gtf.gz
/pub/release-96/gtf/bison_bison_bison/Bison_bison_bison.Bison_UMD1.0.96.gtf.gz
/pub/release-96/gtf/bos_mutus/Bos_mutus.BosGru_v2.0.96.gtf.gz
/pub/release-96/gtf/bos_taurus/Bos_taurus.ARS-UCD1.2.96.gtf.gz
/pub/release-96/gtf/caenorhabditis_elegans/Caenorhabditis_elegans.WBcel235.96.gtf.gz
/pub/release-96/gtf/calidris_pugnax/Calidris_pugnax.ASM143184v1.96.gtf.gz
/pub/release-96/gtf/calidris_pygmaea/Calidris_pygmaea.ASM369795v1.96.gtf.gz
/pub/release-96/gtf/callithrix_jacchus/Callithrix_jacchus.ASM275486v1.96.gtf.gz
/pub/release-96/gtf/canis_familiaris/Canis_familiaris.CanFam3.1.96.gtf.gz
/pub/release-96/gtf/canis_lupus_dingo/Canis_lupus_dingo.ASM325472v1.96.gtf.gz
/pub/release-96/gtf/capra_hircus/Capra_hircus.ARS1.96.gtf.gz
/pub/release-96/gtf/carlito_syrichta/Carlito_syrichta.Tarsius_syrichta-2.0.1.96.gtf.gz
/pub/release-96/gtf/castor_canadensis/Castor_canadensis.C.can_genome_v1.0.96.gtf.gz
/pub/release-96/gtf/cavia_aperea/Cavia_aperea.CavAp1.0.96.gtf.gz
/pub/release-96/gtf/cavia_porcellus/Cavia_porcellus.Cavpor3.0.96.gtf.gz
/pub/release-96/gtf/cebus_capucinus/Cebus_capucinus.Cebus_imitator-1.0.96.gtf.gz
/pub/release-96/gtf/cercocebus_atys/Cercocebus_atys.Caty_1.0.96.gtf.gz
/pub/release-96/gtf/chelonoidis_abingdonii/Chelonoidis_abingdonii.ASM359739v1.96.gtf.gz
/pub/release-96/gtf/chinchilla_lanigera/Chinchilla_lanigera.ChiLan1.0.96.gtf.gz
/pub/release-96/gtf/chlorocebus_sabaeus/Chlorocebus_sabaeus.ChlSab1.1.96.gtf.gz
/pub/release-96/gtf/choloepus_hoffmanni/Choloepus_hoffmanni.choHof1.96.gtf.gz
/pub/release-96/gtf/chrysemys_picta_bellii/Chrysemys_picta_bellii.Chrysemys_picta_bellii-3.0.3.96.gtf.gz
/pub/release-96/gtf/ciona_intestinalis/Ciona_intestinalis.KH.96.gtf.gz
/pub/release-96/gtf/ciona_savignyi/Ciona_savignyi.CSAV2.0.96.gtf.gz
/pub/release-96/gtf/colobus_angolensis_palliatus/Colobus_angolensis_palliatus.Cang.pa_1.0.96.gtf.gz
/pub/release-96/gtf/coturnix_japonica/Coturnix_japonica.Coturnix_japonica_2.0.96.gtf.gz
/pub/release-96/gtf/cricetulus_griseus_chok1gshd/Cricetulus_griseus_chok1gshd.CHOK1GS_HDv1.96.gtf.gz
/pub/release-96/gtf/cricetulus_griseus_crigri/Cricetulus_griseus_crigri.CriGri_1.0.96.gtf.gz
/pub/release-96/gtf/cricetulus_griseus_picr/Cricetulus_griseus_picr.CriGri-PICR.96.gtf.gz
/pub/release-96/gtf/crocodylus_porosus/Crocodylus_porosus.CroPor_comp1.96.gtf.gz
/pub/release-96/gtf/cyanistes_caeruleus/Cyanistes_caeruleus.cyaCae2.96.gtf.gz
/pub/release-96/gtf/cynoglossus_semilaevis/Cynoglossus_semilaevis.Cse_v1.0.96.gtf.gz
/pub/release-96/gtf/cyprinodon_variegatus/Cyprinodon_variegatus.C_variegatus-1.0.96.gtf.gz
/pub/release-96/gtf/danio_rerio/Danio_rerio.GRCz11.96.gtf.gz
/pub/release-96/gtf/dasypus_novemcinctus/Dasypus_novemcinctus.Dasnov3.0.96.gtf.gz
/pub/release-96/gtf/dipodomys_ordii/Dipodomys_ordii.Dord_2.0.96.gtf.gz
/pub/release-96/gtf/dromaius_novaehollandiae/Dromaius_novaehollandiae.droNov1.96.gtf.gz
/pub/release-96/gtf/drosophila_melanogaster/Drosophila_melanogaster.BDGP6.22.96.gtf.gz
/pub/release-96/gtf/echinops_telfairi/Echinops_telfairi.TENREC.96.gtf.gz
/pub/release-96/gtf/eptatretus_burgeri/Eptatretus_burgeri.Eburgeri_3.2.96.gtf.gz
/pub/release-96/gtf/equus_asinus_asinus/Equus_asinus_asinus.ASM303372v1.96.gtf.gz
/pub/release-96/gtf/equus_caballus/Equus_caballus.EquCab3.0.96.gtf.gz
/pub/release-96/gtf/erinaceus_europaeus/Erinaceus_europaeus.HEDGEHOG.96.gtf.gz
/pub/release-96/gtf/esox_lucius/Esox_lucius.Eluc_V3.96.gtf.gz
/pub/release-96/gtf/felis_catus/Felis_catus.Felis_catus_9.0.96.gtf.gz
/pub/release-96/gtf/ficedula_albicollis/Ficedula_albicollis.FicAlb_1.4.96.gtf.gz
/pub/release-96/gtf/fukomys_damarensis/Fukomys_damarensis.DMR_v1.0.96.gtf.gz
/pub/release-96/gtf/fundulus_heteroclitus/Fundulus_heteroclitus.Fundulus_heteroclitus-3.0.2.96.gtf.gz
/pub/release-96/gtf/gadus_morhua/Gadus_morhua.gadMor1.96.gtf.gz
/pub/release-96/gtf/gallus_gallus/Gallus_gallus.GRCg6a.96.gtf.gz
/pub/release-96/gtf/gambusia_affinis/Gambusia_affinis.ASM309773v1.96.gtf.gz
/pub/release-96/gtf/gasterosteus_aculeatus/Gasterosteus_aculeatus.BROADS1.96.gtf.gz
/pub/release-96/gtf/gopherus_agassizii/Gopherus_agassizii.ASM289641v1.96.gtf.gz
/pub/release-96/gtf/gorilla_gorilla/Gorilla_gorilla.gorGor4.96.gtf.gz
/pub/release-96/gtf/haplochromis_burtoni/Haplochromis_burtoni.AstBur1.0.96.gtf.gz
/pub/release-96/gtf/heterocephalus_glaber_female/Heterocephalus_glaber_female.HetGla_female_1.0.96.gtf.gz
/pub/release-96/gtf/heterocephalus_glaber_male/Heterocephalus_glaber_male.HetGla_1.0.96.gtf.gz
/pub/release-96/gtf/hippocampus_comes/Hippocampus_comes.H_comes_QL1_v1.96.gtf.gz
/pub/release-96/gtf/homo_sapiens/Homo_sapiens.GRCh38.96.gtf.gz
/pub/release-96/gtf/ictalurus_punctatus/Ictalurus_punctatus.IpCoco_1.2.96.gtf.gz
/pub/release-96/gtf/ictidomys_tridecemlineatus/Ictidomys_tridecemlineatus.SpeTri2.0.96.gtf.gz
/pub/release-96/gtf/jaculus_jaculus/Jaculus_jaculus.JacJac1.0.96.gtf.gz
/pub/release-96/gtf/junco_hyemalis/Junco_hyemalis.ASM382977v1.96.gtf.gz
/pub/release-96/gtf/kryptolebias_marmoratus/Kryptolebias_marmoratus.ASM164957v1.96.gtf.gz
/pub/release-96/gtf/labrus_bergylta/Labrus_bergylta.BallGen_V1.96.gtf.gz
/pub/release-96/gtf/latimeria_chalumnae/Latimeria_chalumnae.LatCha1.96.gtf.gz
/pub/release-96/gtf/lepidothrix_coronata/Lepidothrix_coronata.Lepidothrix_coronata-1.0.96.gtf.gz
/pub/release-96/gtf/lepisosteus_oculatus/Lepisosteus_oculatus.LepOcu1.96.gtf.gz
/pub/release-96/gtf/lonchura_striata_domestica/Lonchura_striata_domestica.LonStrDom1.96.gtf.gz
/pub/release-96/gtf/loxodonta_africana/Loxodonta_africana.loxAfr3.96.gtf.gz
/pub/release-96/gtf/macaca_fascicularis/Macaca_fascicularis.Macaca_fascicularis_5.0.96.gtf.gz
/pub/release-96/gtf/macaca_mulatta/Macaca_mulatta.Mmul_8.0.1.96.gtf.gz
/pub/release-96/gtf/macaca_nemestrina/Macaca_nemestrina.Mnem_1.0.96.gtf.gz
/pub/release-96/gtf/manacus_vitellinus/Manacus_vitellinus.ASM171598v2.96.gtf.gz
/pub/release-96/gtf/mandrillus_leucophaeus/Mandrillus_leucophaeus.Mleu.le_1.0.96.gtf.gz
/pub/release-96/gtf/marmota_marmota_marmota/Marmota_marmota_marmota.marMar2.1.96.gtf.gz
/pub/release-96/gtf/mastacembelus_armatus/Mastacembelus_armatus.fMasArm1.1.96.gtf.gz
/pub/release-96/gtf/maylandia_zebra/Maylandia_zebra.M_zebra_UMD2a.96.gtf.gz
/pub/release-96/gtf/meleagris_gallopavo/Meleagris_gallopavo.Turkey_2.01.96.gtf.gz
/pub/release-96/gtf/melopsittacus_undulatus/Melopsittacus_undulatus.Melopsittacus_undulatus_6.3.96.gtf.gz
/pub/release-96/gtf/meriones_unguiculatus/Meriones_unguiculatus.MunDraft-v1.0.96.gtf.gz
/pub/release-96/gtf/mesocricetus_auratus/Mesocricetus_auratus.MesAur1.0.96.gtf.gz
/pub/release-96/gtf/microcebus_murinus/Microcebus_murinus.Mmur_3.0.96.gtf.gz
/pub/release-96/gtf/microtus_ochrogaster/Microtus_ochrogaster.MicOch1.0.96.gtf.gz
/pub/release-96/gtf/mola_mola/Mola_mola.ASM169857v1.96.gtf.gz
/pub/release-96/gtf/monodelphis_domestica/Monodelphis_domestica.monDom5.96.gtf.gz
/pub/release-96/gtf/monopterus_albus/Monopterus_albus.M_albus_1.0.96.gtf.gz
/pub/release-96/gtf/mus_caroli/Mus_caroli.CAROLI_EIJ_v1.1.96.gtf.gz
/pub/release-96/gtf/mus_musculus/Mus_musculus.GRCm38.96.gtf.gz
/pub/release-96/gtf/mus_musculus_129s1svimj/Mus_musculus_129s1svimj.129S1_SvImJ_v1.96.gtf.gz
/pub/release-96/gtf/mus_musculus_aj/Mus_musculus_aj.A_J_v1.96.gtf.gz
/pub/release-96/gtf/mus_musculus_akrj/Mus_musculus_akrj.AKR_J_v1.96.gtf.gz
/pub/release-96/gtf/mus_musculus_balbcj/Mus_musculus_balbcj.BALB_cJ_v1.96.gtf.gz
/pub/release-96/gtf/mus_musculus_c3hhej/Mus_musculus_c3hhej.C3H_HeJ_v1.96.gtf.gz
/pub/release-96/gtf/mus_musculus_c57bl6nj/Mus_musculus_c57bl6nj.C57BL_6NJ_v1.96.gtf.gz
/pub/release-96/gtf/mus_musculus_casteij/Mus_musculus_casteij.CAST_EiJ_v1.96.gtf.gz
/pub/release-96/gtf/mus_musculus_cbaj/Mus_musculus_cbaj.CBA_J_v1.96.gtf.gz
/pub/release-96/gtf/mus_musculus_dba2j/Mus_musculus_dba2j.DBA_2J_v1.96.gtf.gz
/pub/release-96/gtf/mus_musculus_fvbnj/Mus_musculus_fvbnj.FVB_NJ_v1.96.gtf.gz
/pub/release-96/gtf/mus_musculus_lpj/Mus_musculus_lpj.LP_J_v1.96.gtf.gz
/pub/release-96/gtf/mus_musculus_nodshiltj/Mus_musculus_nodshiltj.NOD_ShiLtJ_v1.96.gtf.gz
/pub/release-96/gtf/mus_musculus_nzohlltj/Mus_musculus_nzohlltj.NZO_HlLtJ_v1.96.gtf.gz
/pub/release-96/gtf/mus_musculus_pwkphj/Mus_musculus_pwkphj.PWK_PhJ_v1.96.gtf.gz
/pub/release-96/gtf/mus_musculus_wsbeij/Mus_musculus_wsbeij.WSB_EiJ_v1.96.gtf.gz
/pub/release-96/gtf/mus_pahari/Mus_pahari.PAHARI_EIJ_v1.1.96.gtf.gz
/pub/release-96/gtf/mus_spicilegus/Mus_spicilegus.MUSP714.96.gtf.gz
/pub/release-96/gtf/mus_spretus/Mus_spretus.SPRET_EiJ_v1.96.gtf.gz
/pub/release-96/gtf/mustela_putorius_furo/Mustela_putorius_furo.MusPutFur1.0.96.gtf.gz
/pub/release-96/gtf/myotis_lucifugus/Myotis_lucifugus.Myoluc2.0.96.gtf.gz
/pub/release-96/gtf/nannospalax_galili/Nannospalax_galili.S.galili_v1.0.96.gtf.gz
/pub/release-96/gtf/neolamprologus_brichardi/Neolamprologus_brichardi.NeoBri1.0.96.gtf.gz
/pub/release-96/gtf/neovison_vison/Neovison_vison.NNQGG.v01.96.gtf.gz
/pub/release-96/gtf/nomascus_leucogenys/Nomascus_leucogenys.Nleu_3.0.96.gtf.gz
/pub/release-96/gtf/notamacropus_eugenii/Notamacropus_eugenii.Meug_1.0.96.gtf.gz
/pub/release-96/gtf/notechis_scutatus/Notechis_scutatus.TS10Xv2-PRI.96.gtf.gz
/pub/release-96/gtf/nothoprocta_perdicaria/Nothoprocta_perdicaria.notPer1.96.gtf.gz
/pub/release-96/gtf/numida_meleagris/Numida_meleagris.NumMel1.0.96.gtf.gz
/pub/release-96/gtf/ochotona_princeps/Ochotona_princeps.OchPri2.0-Ens.96.gtf.gz
/pub/release-96/gtf/octodon_degus/Octodon_degus.OctDeg1.0.96.gtf.gz
/pub/release-96/gtf/oreochromis_niloticus/Oreochromis_niloticus.Orenil1.0.96.gtf.gz
/pub/release-96/gtf/ornithorhynchus_anatinus/Ornithorhynchus_anatinus.OANA5.96.gtf.gz
/pub/release-96/gtf/oryctolagus_cuniculus/Oryctolagus_cuniculus.OryCun2.0.96.gtf.gz
/pub/release-96/gtf/oryzias_latipes/Oryzias_latipes.ASM223467v1.96.gtf.gz
/pub/release-96/gtf/oryzias_latipes_hni/Oryzias_latipes_hni.ASM223471v1.96.gtf.gz
/pub/release-96/gtf/oryzias_latipes_hsok/Oryzias_latipes_hsok.ASM223469v1.96.gtf.gz
/pub/release-96/gtf/oryzias_melastigma/Oryzias_melastigma.Om_v0.7.RACA.96.gtf.gz
/pub/release-96/gtf/otolemur_garnettii/Otolemur_garnettii.OtoGar3.96.gtf.gz
/pub/release-96/gtf/ovis_aries/Ovis_aries.Oar_v3.1.96.gtf.gz
/pub/release-96/gtf/pan_paniscus/Pan_paniscus.panpan1.1.96.gtf.gz
/pub/release-96/gtf/pan_troglodytes/Pan_troglodytes.Pan_tro_3.0.96.gtf.gz
/pub/release-96/gtf/panthera_pardus/Panthera_pardus.PanPar1.0.96.gtf.gz
/pub/release-96/gtf/panthera_tigris_altaica/Panthera_tigris_altaica.PanTig1.0.96.gtf.gz
/pub/release-96/gtf/papio_anubis/Papio_anubis.Panu_3.0.96.gtf.gz
/pub/release-96/gtf/paramormyrops_kingsleyae/Paramormyrops_kingsleyae.PKINGS_0.1.96.gtf.gz
/pub/release-96/gtf/parus_major/Parus_major.Parus_major1.1.96.gtf.gz
/pub/release-96/gtf/pelodiscus_sinensis/Pelodiscus_sinensis.PelSin_1.0.96.gtf.gz
/pub/release-96/gtf/periophthalmus_magnuspinnatus/Periophthalmus_magnuspinnatus.PM.fa.96.gtf.gz
/pub/release-96/gtf/peromyscus_maniculatus_bairdii/Peromyscus_maniculatus_bairdii.HU_Pman_2.1.96.gtf.gz
/pub/release-96/gtf/petromyzon_marinus/Petromyzon_marinus.Pmarinus_7.0.96.gtf.gz
/pub/release-96/gtf/phascolarctos_cinereus/Phascolarctos_cinereus.phaCin_unsw_v4.1.96.gtf.gz
/pub/release-96/gtf/piliocolobus_tephrosceles/Piliocolobus_tephrosceles.ASM277652v2.96.gtf.gz
/pub/release-96/gtf/poecilia_formosa/Poecilia_formosa.PoeFor_5.1.2.96.gtf.gz
/pub/release-96/gtf/poecilia_latipinna/Poecilia_latipinna.P_latipinna-1.0.96.gtf.gz
/pub/release-96/gtf/poecilia_mexicana/Poecilia_mexicana.P_mexicana-1.0.96.gtf.gz
/pub/release-96/gtf/poecilia_reticulata/Poecilia_reticulata.Guppy_female_1.0_MT.96.gtf.gz
/pub/release-96/gtf/pogona_vitticeps/Pogona_vitticeps.pvi1.1.96.gtf.gz
/pub/release-96/gtf/pongo_abelii/Pongo_abelii.PPYG2.96.gtf.gz
/pub/release-96/gtf/procavia_capensis/Procavia_capensis.proCap1.96.gtf.gz
/pub/release-96/gtf/prolemur_simus/Prolemur_simus.Prosim_1.0.96.gtf.gz
/pub/release-96/gtf/propithecus_coquereli/Propithecus_coquereli.Pcoq_1.0.96.gtf.gz
/pub/release-96/gtf/pteropus_vampyrus/Pteropus_vampyrus.pteVam1.96.gtf.gz
/pub/release-96/gtf/pundamilia_nyererei/Pundamilia_nyererei.PunNye1.0.96.gtf.gz
/pub/release-96/gtf/pygocentrus_nattereri/Pygocentrus_nattereri.Pygocentrus_nattereri-1.0.2.96.gtf.gz
/pub/release-96/gtf/rattus_norvegicus/Rattus_norvegicus.Rnor_6.0.96.gtf.gz
/pub/release-96/gtf/rhinopithecus_bieti/Rhinopithecus_bieti.ASM169854v1.96.gtf.gz
/pub/release-96/gtf/rhinopithecus_roxellana/Rhinopithecus_roxellana.Rrox_v1.96.gtf.gz
/pub/release-96/gtf/saccharomyces_cerevisiae/Saccharomyces_cerevisiae.R64-1-1.96.gtf.gz
/pub/release-96/gtf/saimiri_boliviensis_boliviensis/Saimiri_boliviensis_boliviensis.SaiBol1.0.96.gtf.gz
/pub/release-96/gtf/salvator_merianae/Salvator_merianae.HLtupMer3.96.gtf.gz
/pub/release-96/gtf/sarcophilus_harrisii/Sarcophilus_harrisii.DEVIL7.0.96.gtf.gz
/pub/release-96/gtf/scleropages_formosus/Scleropages_formosus.ASM162426v1.96.gtf.gz
/pub/release-96/gtf/scophthalmus_maximus/Scophthalmus_maximus.ASM318616v1.96.gtf.gz
/pub/release-96/gtf/serinus_canaria/Serinus_canaria.SCA1.96.gtf.gz
/pub/release-96/gtf/seriola_dumerili/Seriola_dumerili.Sdu_1.0.96.gtf.gz
/pub/release-96/gtf/seriola_lalandi_dorsalis/Seriola_lalandi_dorsalis.Sedor1.96.gtf.gz
/pub/release-96/gtf/sorex_araneus/Sorex_araneus.COMMON_SHREW1.96.gtf.gz
/pub/release-96/gtf/spermophilus_dauricus/Spermophilus_dauricus.ASM240643v1.96.gtf.gz
/pub/release-96/gtf/sphenodon_punctatus/Sphenodon_punctatus.ASM311381v1.96.gtf.gz
/pub/release-96/gtf/stegastes_partitus/Stegastes_partitus.Stegastes_partitus-1.0.2.96.gtf.gz
/pub/release-96/gtf/sus_scrofa/Sus_scrofa.Sscrofa11.1.96.gtf.gz
/pub/release-96/gtf/taeniopygia_guttata/Taeniopygia_guttata.taeGut3.2.4.96.gtf.gz
/pub/release-96/gtf/takifugu_rubripes/Takifugu_rubripes.FUGU5.96.gtf.gz
/pub/release-96/gtf/tetraodon_nigroviridis/Tetraodon_nigroviridis.TETRAODON8.96.gtf.gz
/pub/release-96/gtf/theropithecus_gelada/Theropithecus_gelada.Tgel_1.0.96.gtf.gz
/pub/release-96/gtf/tupaia_belangeri/Tupaia_belangeri.TREESHREW.96.gtf.gz
/pub/release-96/gtf/tursiops_truncatus/Tursiops_truncatus.turTru1.96.gtf.gz
/pub/release-96/gtf/urocitellus_parryii/Urocitellus_parryii.ASM342692v1.96.gtf.gz
/pub/release-96/gtf/ursus_americanus/Ursus_americanus.ASM334442v1.96.gtf.gz
/pub/release-96/gtf/ursus_maritimus/Ursus_maritimus.UrsMar_1.0.96.gtf.gz
/pub/release-96/gtf/vicugna_pacos/Vicugna_pacos.vicPac1.96.gtf.gz
/pub/release-96/gtf/vulpes_vulpes/Vulpes_vulpes.VulVul2.2.96.gtf.gz
/pub/release-96/gtf/xenopus_tropicalis/Xenopus_tropicalis.JGI_4.2.96.gtf.gz
/pub/release-96/gtf/xiphophorus_couchianus/Xiphophorus_couchianus.Xiphophorus_couchianus-4.0.1.96.gtf.gz
/pub/release-96/gtf/xiphophorus_maculatus/Xiphophorus_maculatus.X_maculatus-5.0-male.96.gtf.gz
/pub/release-96/gtf/zonotrichia_albicollis/Zonotrichia_albicollis.Zonotrichia_albicollis-1.0.1.96.gtf.gz
