/pub/release-96/fasta/acanthochromis_polyacanthus/pep/Acanthochromis_polyacanthus.ASM210954v1.pep.all.fa.gz
/pub/release-96/fasta/ailuropoda_melanoleuca/pep/Ailuropoda_melanoleuca.ailMel1.pep.all.fa.gz
/pub/release-96/fasta/amphilophus_citrinellus/pep/Amphilophus_citrinellus.Midas_v5.pep.all.fa.gz
/pub/release-96/fasta/amphiprion_ocellaris/pep/Amphiprion_ocellaris.AmpOce1.0.pep.all.fa.gz
/pub/release-96/fasta/amphiprion_percula/pep/Amphiprion_percula.Nemo_v1.pep.all.fa.gz
/pub/release-96/fasta/anabas_testudineus/pep/Anabas_testudineus.fAnaTes1.1.pep.all.fa.gz
/pub/release-96/fasta/anas_platyrhynchos_platyrhynchos/pep/Anas_platyrhynchos_platyrhynchos.CAU_duck1.0.pep.all.fa.gz
/pub/release-96/fasta/anolis_carolinensis/pep/Anolis_carolinensis.AnoCar2.0.pep.all.fa.gz
/pub/release-96/fasta/anser_brachyrhynchus/pep/Anser_brachyrhynchus.ASM259213v1.pep.all.fa.gz
/pub/release-96/fasta/aotus_nancymaae/pep/Aotus_nancymaae.Anan_2.0.pep.all.fa.gz
/pub/release-96/fasta/apteryx_haastii/pep/Apteryx_haastii.aptHaa1.pep.all.fa.gz
/pub/release-96/fasta/apteryx_owenii/pep/Apteryx_owenii.aptOwe1.pep.all.fa.gz
/pub/release-96/fasta/apteryx_rowi/pep/Apteryx_rowi.aptRow1.pep.all.fa.gz
/pub/release-96/fasta/astatotilapia_calliptera/pep/Astatotilapia_calliptera.fAstCal1.2.pep.all.fa.gz
/pub/release-96/fasta/astyanax_mexicanus/pep/Astyanax_mexicanus.Astyanax_mexicanus-2.0.pep.all.fa.gz
/pub/release-96/fasta/bison_bison_bison/pep/Bison_bison_bison.Bison_UMD1.0.pep.all.fa.gz
/pub/release-96/fasta/bos_mutus/pep/Bos_mutus.BosGru_v2.0.pep.all.fa.gz
/pub/release-96/fasta/bos_taurus/pep/Bos_taurus.ARS-UCD1.2.pep.all.fa.gz
/pub/release-96/fasta/caenorhabditis_elegans/pep/Caenorhabditis_elegans.WBcel235.pep.all.fa.gz
/pub/release-96/fasta/calidris_pugnax/pep/Calidris_pugnax.ASM143184v1.pep.all.fa.gz
/pub/release-96/fasta/calidris_pygmaea/pep/Calidris_pygmaea.ASM369795v1.pep.all.fa.gz
/pub/release-96/fasta/callithrix_jacchus/pep/Callithrix_jacchus.ASM275486v1.pep.all.fa.gz
/pub/release-96/fasta/canis_familiaris/pep/Canis_familiaris.CanFam3.1.pep.all.fa.gz
/pub/release-96/fasta/canis_lupus_dingo/pep/Canis_lupus_dingo.ASM325472v1.pep.all.fa.gz
/pub/release-96/fasta/capra_hircus/pep/Capra_hircus.ARS1.pep.all.fa.gz
/pub/release-96/fasta/carlito_syrichta/pep/Carlito_syrichta.Tarsius_syrichta-2.0.1.pep.all.fa.gz
/pub/release-96/fasta/castor_canadensis/pep/Castor_canadensis.C.can_genome_v1.0.pep.all.fa.gz
/pub/release-96/fasta/cavia_aperea/pep/Cavia_aperea.CavAp1.0.pep.all.fa.gz
/pub/release-96/fasta/cavia_porcellus/pep/Cavia_porcellus.Cavpor3.0.pep.all.fa.gz
/pub/release-96/fasta/cebus_capucinus/pep/Cebus_capucinus.Cebus_imitator-1.0.pep.all.fa.gz
/pub/release-96/fasta/cercocebus_atys/pep/Cercocebus_atys.Caty_1.0.pep.all.fa.gz
/pub/release-96/fasta/chelonoidis_abingdonii/pep/Chelonoidis_abingdonii.ASM359739v1.pep.all.fa.gz
/pub/release-96/fasta/chinchilla_lanigera/pep/Chinchilla_lanigera.ChiLan1.0.pep.all.fa.gz
/pub/release-96/fasta/chlorocebus_sabaeus/pep/Chlorocebus_sabaeus.ChlSab1.1.pep.all.fa.gz
/pub/release-96/fasta/choloepus_hoffmanni/pep/Choloepus_hoffmanni.choHof1.pep.all.fa.gz
/pub/release-96/fasta/chrysemys_picta_bellii/pep/Chrysemys_picta_bellii.Chrysemys_picta_bellii-3.0.3.pep.all.fa.gz
/pub/release-96/fasta/ciona_intestinalis/pep/Ciona_intestinalis.KH.pep.all.fa.gz
/pub/release-96/fasta/ciona_savignyi/pep/Ciona_savignyi.CSAV2.0.pep.all.fa.gz
/pub/release-96/fasta/colobus_angolensis_palliatus/pep/Colobus_angolensis_palliatus.Cang.pa_1.0.pep.all.fa.gz
/pub/release-96/fasta/coturnix_japonica/pep/Coturnix_japonica.Coturnix_japonica_2.0.pep.all.fa.gz
/pub/release-96/fasta/cricetulus_griseus_chok1gshd/pep/Cricetulus_griseus_chok1gshd.CHOK1GS_HDv1.pep.all.fa.gz
/pub/release-96/fasta/cricetulus_griseus_crigri/pep/Cricetulus_griseus_crigri.CriGri_1.0.pep.all.fa.gz
/pub/release-96/fasta/cricetulus_griseus_picr/pep/Cricetulus_griseus_picr.CriGri-PICR.pep.all.fa.gz
/pub/release-96/fasta/crocodylus_porosus/pep/Crocodylus_porosus.CroPor_comp1.pep.all.fa.gz
/pub/release-96/fasta/cyanistes_caeruleus/pep/Cyanistes_caeruleus.cyaCae2.pep.all.fa.gz
/pub/release-96/fasta/cynoglossus_semilaevis/pep/Cynoglossus_semilaevis.Cse_v1.0.pep.all.fa.gz
/pub/release-96/fasta/cyprinodon_variegatus/pep/Cyprinodon_variegatus.C_variegatus-1.0.pep.all.fa.gz
/pub/release-96/fasta/danio_rerio/pep/Danio_rerio.GRCz11.pep.all.fa.gz
/pub/release-96/fasta/dasypus_novemcinctus/pep/Dasypus_novemcinctus.Dasnov3.0.pep.all.fa.gz
/pub/release-96/fasta/dipodomys_ordii/pep/Dipodomys_ordii.Dord_2.0.pep.all.fa.gz
/pub/release-96/fasta/dromaius_novaehollandiae/pep/Dromaius_novaehollandiae.droNov1.pep.all.fa.gz
/pub/release-96/fasta/drosophila_melanogaster/pep/Drosophila_melanogaster.BDGP6.22.pep.all.fa.gz
/pub/release-96/fasta/echinops_telfairi/pep/Echinops_telfairi.TENREC.pep.all.fa.gz
/pub/release-96/fasta/eptatretus_burgeri/pep/Eptatretus_burgeri.Eburgeri_3.2.pep.all.fa.gz
/pub/release-96/fasta/equus_asinus_asinus/pep/Equus_asinus_asinus.ASM303372v1.pep.all.fa.gz
/pub/release-96/fasta/equus_caballus/pep/Equus_caballus.EquCab3.0.pep.all.fa.gz
/pub/release-96/fasta/erinaceus_europaeus/pep/Erinaceus_europaeus.HEDGEHOG.pep.all.fa.gz
/pub/release-96/fasta/esox_lucius/pep/Esox_lucius.Eluc_V3.pep.all.fa.gz
/pub/release-96/fasta/felis_catus/pep/Felis_catus.Felis_catus_9.0.pep.all.fa.gz
/pub/release-96/fasta/ficedula_albicollis/pep/Ficedula_albicollis.FicAlb_1.4.pep.all.fa.gz
/pub/release-96/fasta/fukomys_damarensis/pep/Fukomys_damarensis.DMR_v1.0.pep.all.fa.gz
/pub/release-96/fasta/fundulus_heteroclitus/pep/Fundulus_heteroclitus.Fundulus_heteroclitus-3.0.2.pep.all.fa.gz
/pub/release-96/fasta/gadus_morhua/pep/Gadus_morhua.gadMor1.pep.all.fa.gz
/pub/release-96/fasta/gallus_gallus/pep/Gallus_gallus.GRCg6a.pep.all.fa.gz
/pub/release-96/fasta/gambusia_affinis/pep/Gambusia_affinis.ASM309773v1.pep.all.fa.gz
/pub/release-96/fasta/gasterosteus_aculeatus/pep/Gasterosteus_aculeatus.BROADS1.pep.all.fa.gz
/pub/release-96/fasta/gopherus_agassizii/pep/Gopherus_agassizii.ASM289641v1.pep.all.fa.gz
/pub/release-96/fasta/gorilla_gorilla/pep/Gorilla_gorilla.gorGor4.pep.all.fa.gz
/pub/release-96/fasta/haplochromis_burtoni/pep/Haplochromis_burtoni.AstBur1.0.pep.all.fa.gz
/pub/release-96/fasta/heterocephalus_glaber_female/pep/Heterocephalus_glaber_female.HetGla_female_1.0.pep.all.fa.gz
/pub/release-96/fasta/heterocephalus_glaber_male/pep/Heterocephalus_glaber_male.HetGla_1.0.pep.all.fa.gz
/pub/release-96/fasta/hippocampus_comes/pep/Hippocampus_comes.H_comes_QL1_v1.pep.all.fa.gz
/pub/release-96/fasta/homo_sapiens/pep/Homo_sapiens.GRCh38.pep.all.fa.gz
/pub/release-96/fasta/ictalurus_punctatus/pep/Ictalurus_punctatus.IpCoco_1.2.pep.all.fa.gz
/pub/release-96/fasta/ictidomys_tridecemlineatus/pep/Ictidomys_tridecemlineatus.SpeTri2.0.pep.all.fa.gz
/pub/release-96/fasta/jaculus_jaculus/pep/Jaculus_jaculus.JacJac1.0.pep.all.fa.gz
/pub/release-96/fasta/junco_hyemalis/pep/Junco_hyemalis.ASM382977v1.pep.all.fa.gz
/pub/release-96/fasta/kryptolebias_marmoratus/pep/Kryptolebias_marmoratus.ASM164957v1.pep.all.fa.gz
/pub/release-96/fasta/labrus_bergylta/pep/Labrus_bergylta.BallGen_V1.pep.all.fa.gz
/pub/release-96/fasta/latimeria_chalumnae/pep/Latimeria_chalumnae.LatCha1.pep.all.fa.gz
/pub/release-96/fasta/lepidothrix_coronata/pep/Lepidothrix_coronata.Lepidothrix_coronata-1.0.pep.all.fa.gz
/pub/release-96/fasta/lepisosteus_oculatus/pep/Lepisosteus_oculatus.LepOcu1.pep.all.fa.gz
/pub/release-96/fasta/lonchura_striata_domestica/pep/Lonchura_striata_domestica.LonStrDom1.pep.all.fa.gz
/pub/release-96/fasta/loxodonta_africana/pep/Loxodonta_africana.loxAfr3.pep.all.fa.gz
/pub/release-96/fasta/macaca_fascicularis/pep/Macaca_fascicularis.Macaca_fascicularis_5.0.pep.all.fa.gz
/pub/release-96/fasta/macaca_mulatta/pep/Macaca_mulatta.Mmul_8.0.1.pep.all.fa.gz
/pub/release-96/fasta/macaca_nemestrina/pep/Macaca_nemestrina.Mnem_1.0.pep.all.fa.gz
/pub/release-96/fasta/manacus_vitellinus/pep/Manacus_vitellinus.ASM171598v2.pep.all.fa.gz
/pub/release-96/fasta/mandrillus_leucophaeus/pep/Mandrillus_leucophaeus.Mleu.le_1.0.pep.all.fa.gz
/pub/release-96/fasta/marmota_marmota_marmota/pep/Marmota_marmota_marmota.marMar2.1.pep.all.fa.gz
/pub/release-96/fasta/mastacembelus_armatus/pep/Mastacembelus_armatus.fMasArm1.1.pep.all.fa.gz
/pub/release-96/fasta/maylandia_zebra/pep/Maylandia_zebra.M_zebra_UMD2a.pep.all.fa.gz
/pub/release-96/fasta/meleagris_gallopavo/pep/Meleagris_gallopavo.Turkey_2.01.pep.all.fa.gz
/pub/release-96/fasta/melopsittacus_undulatus/pep/Melopsittacus_undulatus.Melopsittacus_undulatus_6.3.pep.all.fa.gz
/pub/release-96/fasta/meriones_unguiculatus/pep/Meriones_unguiculatus.MunDraft-v1.0.pep.all.fa.gz
/pub/release-96/fasta/mesocricetus_auratus/pep/Mesocricetus_auratus.MesAur1.0.pep.all.fa.gz
/pub/release-96/fasta/microcebus_murinus/pep/Microcebus_murinus.Mmur_3.0.pep.all.fa.gz
/pub/release-96/fasta/microtus_ochrogaster/pep/Microtus_ochrogaster.MicOch1.0.pep.all.fa.gz
/pub/release-96/fasta/mola_mola/pep/Mola_mola.ASM169857v1.pep.all.fa.gz
/pub/release-96/fasta/monodelphis_domestica/pep/Monodelphis_domestica.monDom5.pep.all.fa.gz
/pub/release-96/fasta/monopterus_albus/pep/Monopterus_albus.M_albus_1.0.pep.all.fa.gz
/pub/release-96/fasta/mus_caroli/pep/Mus_caroli.CAROLI_EIJ_v1.1.pep.all.fa.gz
/pub/release-96/fasta/mus_musculus/pep/Mus_musculus.GRCm38.pep.all.fa.gz
/pub/release-96/fasta/mus_musculus_129s1svimj/pep/Mus_musculus_129s1svimj.129S1_SvImJ_v1.pep.all.fa.gz
/pub/release-96/fasta/mus_musculus_aj/pep/Mus_musculus_aj.A_J_v1.pep.all.fa.gz
/pub/release-96/fasta/mus_musculus_akrj/pep/Mus_musculus_akrj.AKR_J_v1.pep.all.fa.gz
/pub/release-96/fasta/mus_musculus_balbcj/pep/Mus_musculus_balbcj.BALB_cJ_v1.pep.all.fa.gz
/pub/release-96/fasta/mus_musculus_c3hhej/pep/Mus_musculus_c3hhej.C3H_HeJ_v1.pep.all.fa.gz
/pub/release-96/fasta/mus_musculus_c57bl6nj/pep/Mus_musculus_c57bl6nj.C57BL_6NJ_v1.pep.all.fa.gz
/pub/release-96/fasta/mus_musculus_casteij/pep/Mus_musculus_casteij.CAST_EiJ_v1.pep.all.fa.gz
/pub/release-96/fasta/mus_musculus_cbaj/pep/Mus_musculus_cbaj.CBA_J_v1.pep.all.fa.gz
/pub/release-96/fasta/mus_musculus_dba2j/pep/Mus_musculus_dba2j.DBA_2J_v1.pep.all.fa.gz
/pub/release-96/fasta/mus_musculus_fvbnj/pep/Mus_musculus_fvbnj.FVB_NJ_v1.pep.all.fa.gz
/pub/release-96/fasta/mus_musculus_lpj/pep/Mus_musculus_lpj.LP_J_v1.pep.all.fa.gz
/pub/release-96/fasta/mus_musculus_nodshiltj/pep/Mus_musculus_nodshiltj.NOD_ShiLtJ_v1.pep.all.fa.gz
/pub/release-96/fasta/mus_musculus_nzohlltj/pep/Mus_musculus_nzohlltj.NZO_HlLtJ_v1.pep.all.fa.gz
/pub/release-96/fasta/mus_musculus_pwkphj/pep/Mus_musculus_pwkphj.PWK_PhJ_v1.pep.all.fa.gz
/pub/release-96/fasta/mus_musculus_wsbeij/pep/Mus_musculus_wsbeij.WSB_EiJ_v1.pep.all.fa.gz
/pub/release-96/fasta/mus_pahari/pep/Mus_pahari.PAHARI_EIJ_v1.1.pep.all.fa.gz
/pub/release-96/fasta/mus_spicilegus/pep/Mus_spicilegus.MUSP714.pep.all.fa.gz
/pub/release-96/fasta/mus_spretus/pep/Mus_spretus.SPRET_EiJ_v1.pep.all.fa.gz
/pub/release-96/fasta/mustela_putorius_furo/pep/Mustela_putorius_furo.MusPutFur1.0.pep.all.fa.gz
/pub/release-96/fasta/myotis_lucifugus/pep/Myotis_lucifugus.Myoluc2.0.pep.all.fa.gz
/pub/release-96/fasta/nannospalax_galili/pep/Nannospalax_galili.S.galili_v1.0.pep.all.fa.gz
/pub/release-96/fasta/neolamprologus_brichardi/pep/Neolamprologus_brichardi.NeoBri1.0.pep.all.fa.gz
/pub/release-96/fasta/neovison_vison/pep/Neovison_vison.NNQGG.v01.pep.all.fa.gz
/pub/release-96/fasta/nomascus_leucogenys/pep/Nomascus_leucogenys.Nleu_3.0.pep.all.fa.gz
/pub/release-96/fasta/notamacropus_eugenii/pep/Notamacropus_eugenii.Meug_1.0.pep.all.fa.gz
/pub/release-96/fasta/notechis_scutatus/pep/Notechis_scutatus.TS10Xv2-PRI.pep.all.fa.gz
/pub/release-96/fasta/nothoprocta_perdicaria/pep/Nothoprocta_perdicaria.notPer1.pep.all.fa.gz
/pub/release-96/fasta/numida_meleagris/pep/Numida_meleagris.NumMel1.0.pep.all.fa.gz
/pub/release-96/fasta/ochotona_princeps/pep/Ochotona_princeps.OchPri2.0-Ens.pep.all.fa.gz
/pub/release-96/fasta/octodon_degus/pep/Octodon_degus.OctDeg1.0.pep.all.fa.gz
/pub/release-96/fasta/oreochromis_niloticus/pep/Oreochromis_niloticus.Orenil1.0.pep.all.fa.gz
/pub/release-96/fasta/ornithorhynchus_anatinus/pep/Ornithorhynchus_anatinus.OANA5.pep.all.fa.gz
/pub/release-96/fasta/oryctolagus_cuniculus/pep/Oryctolagus_cuniculus.OryCun2.0.pep.all.fa.gz
/pub/release-96/fasta/oryzias_latipes/pep/Oryzias_latipes.ASM223467v1.pep.all.fa.gz
/pub/release-96/fasta/oryzias_latipes_hni/pep/Oryzias_latipes_hni.ASM223471v1.pep.all.fa.gz
/pub/release-96/fasta/oryzias_latipes_hsok/pep/Oryzias_latipes_hsok.ASM223469v1.pep.all.fa.gz
/pub/release-96/fasta/oryzias_melastigma/pep/Oryzias_melastigma.Om_v0.7.RACA.pep.all.fa.gz
/pub/release-96/fasta/otolemur_garnettii/pep/Otolemur_garnettii.OtoGar3.pep.all.fa.gz
/pub/release-96/fasta/ovis_aries/pep/Ovis_aries.Oar_v3.1.pep.all.fa.gz
/pub/release-96/fasta/pan_paniscus/pep/Pan_paniscus.panpan1.1.pep.all.fa.gz
/pub/release-96/fasta/pan_troglodytes/pep/Pan_troglodytes.Pan_tro_3.0.pep.all.fa.gz
/pub/release-96/fasta/panthera_pardus/pep/Panthera_pardus.PanPar1.0.pep.all.fa.gz
/pub/release-96/fasta/panthera_tigris_altaica/pep/Panthera_tigris_altaica.PanTig1.0.pep.all.fa.gz
/pub/release-96/fasta/papio_anubis/pep/Papio_anubis.Panu_3.0.pep.all.fa.gz
/pub/release-96/fasta/paramormyrops_kingsleyae/pep/Paramormyrops_kingsleyae.PKINGS_0.1.pep.all.fa.gz
/pub/release-96/fasta/parus_major/pep/Parus_major.Parus_major1.1.pep.all.fa.gz
/pub/release-96/fasta/pelodiscus_sinensis/pep/Pelodiscus_sinensis.PelSin_1.0.pep.all.fa.gz
/pub/release-96/fasta/periophthalmus_magnuspinnatus/pep/Periophthalmus_magnuspinnatus.PM.fa.pep.all.fa.gz
/pub/release-96/fasta/peromyscus_maniculatus_bairdii/pep/Peromyscus_maniculatus_bairdii.HU_Pman_2.1.pep.all.fa.gz
/pub/release-96/fasta/petromyzon_marinus/pep/Petromyzon_marinus.Pmarinus_7.0.pep.all.fa.gz
/pub/release-96/fasta/phascolarctos_cinereus/pep/Phascolarctos_cinereus.phaCin_unsw_v4.1.pep.all.fa.gz
/pub/release-96/fasta/piliocolobus_tephrosceles/pep/Piliocolobus_tephrosceles.ASM277652v2.pep.all.fa.gz
/pub/release-96/fasta/poecilia_formosa/pep/Poecilia_formosa.PoeFor_5.1.2.pep.all.fa.gz
/pub/release-96/fasta/poecilia_latipinna/pep/Poecilia_latipinna.P_latipinna-1.0.pep.all.fa.gz
/pub/release-96/fasta/poecilia_mexicana/pep/Poecilia_mexicana.P_mexicana-1.0.pep.all.fa.gz
/pub/release-96/fasta/poecilia_reticulata/pep/Poecilia_reticulata.Guppy_female_1.0_MT.pep.all.fa.gz
/pub/release-96/fasta/pogona_vitticeps/pep/Pogona_vitticeps.pvi1.1.pep.all.fa.gz
/pub/release-96/fasta/pongo_abelii/pep/Pongo_abelii.PPYG2.pep.all.fa.gz
/pub/release-96/fasta/procavia_capensis/pep/Procavia_capensis.proCap1.pep.all.fa.gz
/pub/release-96/fasta/prolemur_simus/pep/Prolemur_simus.Prosim_1.0.pep.all.fa.gz
/pub/release-96/fasta/propithecus_coquereli/pep/Propithecus_coquereli.Pcoq_1.0.pep.all.fa.gz
/pub/release-96/fasta/pteropus_vampyrus/pep/Pteropus_vampyrus.pteVam1.pep.all.fa.gz
/pub/release-96/fasta/pundamilia_nyererei/pep/Pundamilia_nyererei.PunNye1.0.pep.all.fa.gz
/pub/release-96/fasta/pygocentrus_nattereri/pep/Pygocentrus_nattereri.Pygocentrus_nattereri-1.0.2.pep.all.fa.gz
/pub/release-96/fasta/rattus_norvegicus/pep/Rattus_norvegicus.Rnor_6.0.pep.all.fa.gz
/pub/release-96/fasta/rhinopithecus_bieti/pep/Rhinopithecus_bieti.ASM169854v1.pep.all.fa.gz
/pub/release-96/fasta/rhinopithecus_roxellana/pep/Rhinopithecus_roxellana.Rrox_v1.pep.all.fa.gz
/pub/release-96/fasta/saccharomyces_cerevisiae/pep/Saccharomyces_cerevisiae.R64-1-1.pep.all.fa.gz
/pub/release-96/fasta/saimiri_boliviensis_boliviensis/pep/Saimiri_boliviensis_boliviensis.SaiBol1.0.pep.all.fa.gz
/pub/release-96/fasta/salvator_merianae/pep/Salvator_merianae.HLtupMer3.pep.all.fa.gz
/pub/release-96/fasta/sarcophilus_harrisii/pep/Sarcophilus_harrisii.DEVIL7.0.pep.all.fa.gz
/pub/release-96/fasta/scleropages_formosus/pep/Scleropages_formosus.ASM162426v1.pep.all.fa.gz
/pub/release-96/fasta/scophthalmus_maximus/pep/Scophthalmus_maximus.ASM318616v1.pep.all.fa.gz
/pub/release-96/fasta/serinus_canaria/pep/Serinus_canaria.SCA1.pep.all.fa.gz
/pub/release-96/fasta/seriola_dumerili/pep/Seriola_dumerili.Sdu_1.0.pep.all.fa.gz
/pub/release-96/fasta/seriola_lalandi_dorsalis/pep/Seriola_lalandi_dorsalis.Sedor1.pep.all.fa.gz
/pub/release-96/fasta/sorex_araneus/pep/Sorex_araneus.COMMON_SHREW1.pep.all.fa.gz
/pub/release-96/fasta/spermophilus_dauricus/pep/Spermophilus_dauricus.ASM240643v1.pep.all.fa.gz
/pub/release-96/fasta/sphenodon_punctatus/pep/Sphenodon_punctatus.ASM311381v1.pep.all.fa.gz
/pub/release-96/fasta/stegastes_partitus/pep/Stegastes_partitus.Stegastes_partitus-1.0.2.pep.all.fa.gz
/pub/release-96/fasta/sus_scrofa/pep/Sus_scrofa.Sscrofa11.1.pep.all.fa.gz
/pub/release-96/fasta/taeniopygia_guttata/pep/Taeniopygia_guttata.taeGut3.2.4.pep.all.fa.gz
/pub/release-96/fasta/takifugu_rubripes/pep/Takifugu_rubripes.FUGU5.pep.all.fa.gz
/pub/release-96/fasta/tetraodon_nigroviridis/pep/Tetraodon_nigroviridis.TETRAODON8.pep.all.fa.gz
/pub/release-96/fasta/theropithecus_gelada/pep/Theropithecus_gelada.Tgel_1.0.pep.all.fa.gz
/pub/release-96/fasta/tupaia_belangeri/pep/Tupaia_belangeri.TREESHREW.pep.all.fa.gz
/pub/release-96/fasta/tursiops_truncatus/pep/Tursiops_truncatus.turTru1.pep.all.fa.gz
/pub/release-96/fasta/urocitellus_parryii/pep/Urocitellus_parryii.ASM342692v1.pep.all.fa.gz
/pub/release-96/fasta/ursus_americanus/pep/Ursus_americanus.ASM334442v1.pep.all.fa.gz
/pub/release-96/fasta/ursus_maritimus/pep/Ursus_maritimus.UrsMar_1.0.pep.all.fa.gz
/pub/release-96/fasta/vicugna_pacos/pep/Vicugna_pacos.vicPac1.pep.all.fa.gz
/pub/release-96/fasta/vulpes_vulpes/pep/Vulpes_vulpes.VulVul2.2.pep.all.fa.gz
/pub/release-96/fasta/xenopus_tropicalis/pep/Xenopus_tropicalis.JGI_4.2.pep.all.fa.gz
/pub/release-96/fasta/xiphophorus_couchianus/pep/Xiphophorus_couchianus.Xiphophorus_couchianus-4.0.1.pep.all.fa.gz
/pub/release-96/fasta/xiphophorus_maculatus/pep/Xiphophorus_maculatus.X_maculatus-5.0-male.pep.all.fa.gz
/pub/release-96/fasta/zonotrichia_albicollis/pep/Zonotrichia_albicollis.Zonotrichia_albicollis-1.0.1.pep.all.fa.gz
