/pub/release-96/fasta/acanthochromis_polyacanthus/cds/Acanthochromis_polyacanthus.ASM210954v1.cds.all.fa.gz
/pub/release-96/fasta/ailuropoda_melanoleuca/cds/Ailuropoda_melanoleuca.ailMel1.cds.all.fa.gz
/pub/release-96/fasta/amphilophus_citrinellus/cds/Amphilophus_citrinellus.Midas_v5.cds.all.fa.gz
/pub/release-96/fasta/amphiprion_ocellaris/cds/Amphiprion_ocellaris.AmpOce1.0.cds.all.fa.gz
/pub/release-96/fasta/amphiprion_percula/cds/Amphiprion_percula.Nemo_v1.cds.all.fa.gz
/pub/release-96/fasta/anabas_testudineus/cds/Anabas_testudineus.fAnaTes1.1.cds.all.fa.gz
/pub/release-96/fasta/anas_platyrhynchos_platyrhynchos/cds/Anas_platyrhynchos_platyrhynchos.CAU_duck1.0.cds.all.fa.gz
/pub/release-96/fasta/anolis_carolinensis/cds/Anolis_carolinensis.AnoCar2.0.cds.all.fa.gz
/pub/release-96/fasta/anser_brachyrhynchus/cds/Anser_brachyrhynchus.ASM259213v1.cds.all.fa.gz
/pub/release-96/fasta/aotus_nancymaae/cds/Aotus_nancymaae.Anan_2.0.cds.all.fa.gz
/pub/release-96/fasta/apteryx_haastii/cds/Apteryx_haastii.aptHaa1.cds.all.fa.gz
/pub/release-96/fasta/apteryx_owenii/cds/Apteryx_owenii.aptOwe1.cds.all.fa.gz
/pub/release-96/fasta/apteryx_rowi/cds/Apteryx_rowi.aptRow1.cds.all.fa.gz
/pub/release-96/fasta/astatotilapia_calliptera/cds/Astatotilapia_calliptera.fAstCal1.2.cds.all.fa.gz
/pub/release-96/fasta/astyanax_mexicanus/cds/Astyanax_mexicanus.Astyanax_mexicanus-2.0.cds.all.fa.gz
/pub/release-96/fasta/bison_bison_bison/cds/Bison_bison_bison.Bison_UMD1.0.cds.all.fa.gz
/pub/release-96/fasta/bos_mutus/cds/Bos_mutus.BosGru_v2.0.cds.all.fa.gz
/pub/release-96/fasta/bos_taurus/cds/Bos_taurus.ARS-UCD1.2.cds.all.fa.gz
/pub/release-96/fasta/caenorhabditis_elegans/cds/Caenorhabditis_elegans.WBcel235.cds.all.fa.gz
/pub/release-96/fasta/calidris_pugnax/cds/Calidris_pugnax.ASM143184v1.cds.all.fa.gz
/pub/release-96/fasta/calidris_pygmaea/cds/Calidris_pygmaea.ASM369795v1.cds.all.fa.gz
/pub/release-96/fasta/callithrix_jacchus/cds/Callithrix_jacchus.ASM275486v1.cds.all.fa.gz
/pub/release-96/fasta/canis_familiaris/cds/Canis_familiaris.CanFam3.1.cds.all.fa.gz
/pub/release-96/fasta/canis_lupus_dingo/cds/Canis_lupus_dingo.ASM325472v1.cds.all.fa.gz
/pub/release-96/fasta/capra_hircus/cds/Capra_hircus.ARS1.cds.all.fa.gz
/pub/release-96/fasta/carlito_syrichta/cds/Carlito_syrichta.Tarsius_syrichta-2.0.1.cds.all.fa.gz
/pub/release-96/fasta/castor_canadensis/cds/Castor_canadensis.C.can_genome_v1.0.cds.all.fa.gz
/pub/release-96/fasta/cavia_aperea/cds/Cavia_aperea.CavAp1.0.cds.all.fa.gz
/pub/release-96/fasta/cavia_porcellus/cds/Cavia_porcellus.Cavpor3.0.cds.all.fa.gz
/pub/release-96/fasta/cebus_capucinus/cds/Cebus_capucinus.Cebus_imitator-1.0.cds.all.fa.gz
/pub/release-96/fasta/cercocebus_atys/cds/Cercocebus_atys.Caty_1.0.cds.all.fa.gz
/pub/release-96/fasta/chelonoidis_abingdonii/cds/Chelonoidis_abingdonii.ASM359739v1.cds.all.fa.gz
/pub/release-96/fasta/chinchilla_lanigera/cds/Chinchilla_lanigera.ChiLan1.0.cds.all.fa.gz
/pub/release-96/fasta/chlorocebus_sabaeus/cds/Chlorocebus_sabaeus.ChlSab1.1.cds.all.fa.gz
/pub/release-96/fasta/choloepus_hoffmanni/cds/Choloepus_hoffmanni.choHof1.cds.all.fa.gz
/pub/release-96/fasta/chrysemys_picta_bellii/cds/Chrysemys_picta_bellii.Chrysemys_picta_bellii-3.0.3.cds.all.fa.gz
/pub/release-96/fasta/ciona_intestinalis/cds/Ciona_intestinalis.KH.cds.all.fa.gz
/pub/release-96/fasta/ciona_savignyi/cds/Ciona_savignyi.CSAV2.0.cds.all.fa.gz
/pub/release-96/fasta/colobus_angolensis_palliatus/cds/Colobus_angolensis_palliatus.Cang.pa_1.0.cds.all.fa.gz
/pub/release-96/fasta/coturnix_japonica/cds/Coturnix_japonica.Coturnix_japonica_2.0.cds.all.fa.gz
/pub/release-96/fasta/cricetulus_griseus_chok1gshd/cds/Cricetulus_griseus_chok1gshd.CHOK1GS_HDv1.cds.all.fa.gz
/pub/release-96/fasta/cricetulus_griseus_crigri/cds/Cricetulus_griseus_crigri.CriGri_1.0.cds.all.fa.gz
/pub/release-96/fasta/cricetulus_griseus_picr/cds/Cricetulus_griseus_picr.CriGri-PICR.cds.all.fa.gz
/pub/release-96/fasta/crocodylus_porosus/cds/Crocodylus_porosus.CroPor_comp1.cds.all.fa.gz
/pub/release-96/fasta/cyanistes_caeruleus/cds/Cyanistes_caeruleus.cyaCae2.cds.all.fa.gz
/pub/release-96/fasta/cynoglossus_semilaevis/cds/Cynoglossus_semilaevis.Cse_v1.0.cds.all.fa.gz
/pub/release-96/fasta/cyprinodon_variegatus/cds/Cyprinodon_variegatus.C_variegatus-1.0.cds.all.fa.gz
/pub/release-96/fasta/danio_rerio/cds/Danio_rerio.GRCz11.cds.all.fa.gz
/pub/release-96/fasta/dasypus_novemcinctus/cds/Dasypus_novemcinctus.Dasnov3.0.cds.all.fa.gz
/pub/release-96/fasta/dipodomys_ordii/cds/Dipodomys_ordii.Dord_2.0.cds.all.fa.gz
/pub/release-96/fasta/dromaius_novaehollandiae/cds/Dromaius_novaehollandiae.droNov1.cds.all.fa.gz
/pub/release-96/fasta/drosophila_melanogaster/cds/Drosophila_melanogaster.BDGP6.22.cds.all.fa.gz
/pub/release-96/fasta/echinops_telfairi/cds/Echinops_telfairi.TENREC.cds.all.fa.gz
/pub/release-96/fasta/eptatretus_burgeri/cds/Eptatretus_burgeri.Eburgeri_3.2.cds.all.fa.gz
/pub/release-96/fasta/equus_asinus_asinus/cds/Equus_asinus_asinus.ASM303372v1.cds.all.fa.gz
/pub/release-96/fasta/equus_caballus/cds/Equus_caballus.EquCab3.0.cds.all.fa.gz
/pub/release-96/fasta/erinaceus_europaeus/cds/Erinaceus_europaeus.HEDGEHOG.cds.all.fa.gz
/pub/release-96/fasta/esox_lucius/cds/Esox_lucius.Eluc_V3.cds.all.fa.gz
/pub/release-96/fasta/felis_catus/cds/Felis_catus.Felis_catus_9.0.cds.all.fa.gz
/pub/release-96/fasta/ficedula_albicollis/cds/Ficedula_albicollis.FicAlb_1.4.cds.all.fa.gz
/pub/release-96/fasta/fukomys_damarensis/cds/Fukomys_damarensis.DMR_v1.0.cds.all.fa.gz
/pub/release-96/fasta/fundulus_heteroclitus/cds/Fundulus_heteroclitus.Fundulus_heteroclitus-3.0.2.cds.all.fa.gz
/pub/release-96/fasta/gadus_morhua/cds/Gadus_morhua.gadMor1.cds.all.fa.gz
/pub/release-96/fasta/gallus_gallus/cds/Gallus_gallus.GRCg6a.cds.all.fa.gz
/pub/release-96/fasta/gambusia_affinis/cds/Gambusia_affinis.ASM309773v1.cds.all.fa.gz
/pub/release-96/fasta/gasterosteus_aculeatus/cds/Gasterosteus_aculeatus.BROADS1.cds.all.fa.gz
/pub/release-96/fasta/gopherus_agassizii/cds/Gopherus_agassizii.ASM289641v1.cds.all.fa.gz
/pub/release-96/fasta/gorilla_gorilla/cds/Gorilla_gorilla.gorGor4.cds.all.fa.gz
/pub/release-96/fasta/haplochromis_burtoni/cds/Haplochromis_burtoni.AstBur1.0.cds.all.fa.gz
/pub/release-96/fasta/heterocephalus_glaber_female/cds/Heterocephalus_glaber_female.HetGla_female_1.0.cds.all.fa.gz
/pub/release-96/fasta/heterocephalus_glaber_male/cds/Heterocephalus_glaber_male.HetGla_1.0.cds.all.fa.gz
/pub/release-96/fasta/hippocampus_comes/cds/Hippocampus_comes.H_comes_QL1_v1.cds.all.fa.gz
/pub/release-96/fasta/homo_sapiens/cds/Homo_sapiens.GRCh38.cds.all.fa.gz
/pub/release-96/fasta/ictalurus_punctatus/cds/Ictalurus_punctatus.IpCoco_1.2.cds.all.fa.gz
/pub/release-96/fasta/ictidomys_tridecemlineatus/cds/Ictidomys_tridecemlineatus.SpeTri2.0.cds.all.fa.gz
/pub/release-96/fasta/jaculus_jaculus/cds/Jaculus_jaculus.JacJac1.0.cds.all.fa.gz
/pub/release-96/fasta/junco_hyemalis/cds/Junco_hyemalis.ASM382977v1.cds.all.fa.gz
/pub/release-96/fasta/kryptolebias_marmoratus/cds/Kryptolebias_marmoratus.ASM164957v1.cds.all.fa.gz
/pub/release-96/fasta/labrus_bergylta/cds/Labrus_bergylta.BallGen_V1.cds.all.fa.gz
/pub/release-96/fasta/latimeria_chalumnae/cds/Latimeria_chalumnae.LatCha1.cds.all.fa.gz
/pub/release-96/fasta/lepidothrix_coronata/cds/Lepidothrix_coronata.Lepidothrix_coronata-1.0.cds.all.fa.gz
/pub/release-96/fasta/lepisosteus_oculatus/cds/Lepisosteus_oculatus.LepOcu1.cds.all.fa.gz
/pub/release-96/fasta/lonchura_striata_domestica/cds/Lonchura_striata_domestica.LonStrDom1.cds.all.fa.gz
/pub/release-96/fasta/loxodonta_africana/cds/Loxodonta_africana.loxAfr3.cds.all.fa.gz
/pub/release-96/fasta/macaca_fascicularis/cds/Macaca_fascicularis.Macaca_fascicularis_5.0.cds.all.fa.gz
/pub/release-96/fasta/macaca_mulatta/cds/Macaca_mulatta.Mmul_8.0.1.cds.all.fa.gz
/pub/release-96/fasta/macaca_nemestrina/cds/Macaca_nemestrina.Mnem_1.0.cds.all.fa.gz
/pub/release-96/fasta/manacus_vitellinus/cds/Manacus_vitellinus.ASM171598v2.cds.all.fa.gz
/pub/release-96/fasta/mandrillus_leucophaeus/cds/Mandrillus_leucophaeus.Mleu.le_1.0.cds.all.fa.gz
/pub/release-96/fasta/marmota_marmota_marmota/cds/Marmota_marmota_marmota.marMar2.1.cds.all.fa.gz
/pub/release-96/fasta/mastacembelus_armatus/cds/Mastacembelus_armatus.fMasArm1.1.cds.all.fa.gz
/pub/release-96/fasta/maylandia_zebra/cds/Maylandia_zebra.M_zebra_UMD2a.cds.all.fa.gz
/pub/release-96/fasta/meleagris_gallopavo/cds/Meleagris_gallopavo.Turkey_2.01.cds.all.fa.gz
/pub/release-96/fasta/melopsittacus_undulatus/cds/Melopsittacus_undulatus.Melopsittacus_undulatus_6.3.cds.all.fa.gz
/pub/release-96/fasta/meriones_unguiculatus/cds/Meriones_unguiculatus.MunDraft-v1.0.cds.all.fa.gz
/pub/release-96/fasta/mesocricetus_auratus/cds/Mesocricetus_auratus.MesAur1.0.cds.all.fa.gz
/pub/release-96/fasta/microcebus_murinus/cds/Microcebus_murinus.Mmur_3.0.cds.all.fa.gz
/pub/release-96/fasta/microtus_ochrogaster/cds/Microtus_ochrogaster.MicOch1.0.cds.all.fa.gz
/pub/release-96/fasta/mola_mola/cds/Mola_mola.ASM169857v1.cds.all.fa.gz
/pub/release-96/fasta/monodelphis_domestica/cds/Monodelphis_domestica.monDom5.cds.all.fa.gz
/pub/release-96/fasta/monopterus_albus/cds/Monopterus_albus.M_albus_1.0.cds.all.fa.gz
/pub/release-96/fasta/mus_caroli/cds/Mus_caroli.CAROLI_EIJ_v1.1.cds.all.fa.gz
/pub/release-96/fasta/mus_musculus/cds/Mus_musculus.GRCm38.cds.all.fa.gz
/pub/release-96/fasta/mus_musculus_129s1svimj/cds/Mus_musculus_129s1svimj.129S1_SvImJ_v1.cds.all.fa.gz
/pub/release-96/fasta/mus_musculus_aj/cds/Mus_musculus_aj.A_J_v1.cds.all.fa.gz
/pub/release-96/fasta/mus_musculus_akrj/cds/Mus_musculus_akrj.AKR_J_v1.cds.all.fa.gz
/pub/release-96/fasta/mus_musculus_balbcj/cds/Mus_musculus_balbcj.BALB_cJ_v1.cds.all.fa.gz
/pub/release-96/fasta/mus_musculus_c3hhej/cds/Mus_musculus_c3hhej.C3H_HeJ_v1.cds.all.fa.gz
/pub/release-96/fasta/mus_musculus_c57bl6nj/cds/Mus_musculus_c57bl6nj.C57BL_6NJ_v1.cds.all.fa.gz
/pub/release-96/fasta/mus_musculus_casteij/cds/Mus_musculus_casteij.CAST_EiJ_v1.cds.all.fa.gz
/pub/release-96/fasta/mus_musculus_cbaj/cds/Mus_musculus_cbaj.CBA_J_v1.cds.all.fa.gz
/pub/release-96/fasta/mus_musculus_dba2j/cds/Mus_musculus_dba2j.DBA_2J_v1.cds.all.fa.gz
/pub/release-96/fasta/mus_musculus_fvbnj/cds/Mus_musculus_fvbnj.FVB_NJ_v1.cds.all.fa.gz
/pub/release-96/fasta/mus_musculus_lpj/cds/Mus_musculus_lpj.LP_J_v1.cds.all.fa.gz
/pub/release-96/fasta/mus_musculus_nodshiltj/cds/Mus_musculus_nodshiltj.NOD_ShiLtJ_v1.cds.all.fa.gz
/pub/release-96/fasta/mus_musculus_nzohlltj/cds/Mus_musculus_nzohlltj.NZO_HlLtJ_v1.cds.all.fa.gz
/pub/release-96/fasta/mus_musculus_pwkphj/cds/Mus_musculus_pwkphj.PWK_PhJ_v1.cds.all.fa.gz
/pub/release-96/fasta/mus_musculus_wsbeij/cds/Mus_musculus_wsbeij.WSB_EiJ_v1.cds.all.fa.gz
/pub/release-96/fasta/mus_pahari/cds/Mus_pahari.PAHARI_EIJ_v1.1.cds.all.fa.gz
/pub/release-96/fasta/mus_spicilegus/cds/Mus_spicilegus.MUSP714.cds.all.fa.gz
/pub/release-96/fasta/mus_spretus/cds/Mus_spretus.SPRET_EiJ_v1.cds.all.fa.gz
/pub/release-96/fasta/mustela_putorius_furo/cds/Mustela_putorius_furo.MusPutFur1.0.cds.all.fa.gz
/pub/release-96/fasta/myotis_lucifugus/cds/Myotis_lucifugus.Myoluc2.0.cds.all.fa.gz
/pub/release-96/fasta/nannospalax_galili/cds/Nannospalax_galili.S.galili_v1.0.cds.all.fa.gz
/pub/release-96/fasta/neolamprologus_brichardi/cds/Neolamprologus_brichardi.NeoBri1.0.cds.all.fa.gz
/pub/release-96/fasta/neovison_vison/cds/Neovison_vison.NNQGG.v01.cds.all.fa.gz
/pub/release-96/fasta/nomascus_leucogenys/cds/Nomascus_leucogenys.Nleu_3.0.cds.all.fa.gz
/pub/release-96/fasta/notamacropus_eugenii/cds/Notamacropus_eugenii.Meug_1.0.cds.all.fa.gz
/pub/release-96/fasta/notechis_scutatus/cds/Notechis_scutatus.TS10Xv2-PRI.cds.all.fa.gz
/pub/release-96/fasta/nothoprocta_perdicaria/cds/Nothoprocta_perdicaria.notPer1.cds.all.fa.gz
/pub/release-96/fasta/numida_meleagris/cds/Numida_meleagris.NumMel1.0.cds.all.fa.gz
/pub/release-96/fasta/ochotona_princeps/cds/Ochotona_princeps.OchPri2.0-Ens.cds.all.fa.gz
/pub/release-96/fasta/octodon_degus/cds/Octodon_degus.OctDeg1.0.cds.all.fa.gz
/pub/release-96/fasta/oreochromis_niloticus/cds/Oreochromis_niloticus.Orenil1.0.cds.all.fa.gz
/pub/release-96/fasta/ornithorhynchus_anatinus/cds/Ornithorhynchus_anatinus.OANA5.cds.all.fa.gz
/pub/release-96/fasta/oryctolagus_cuniculus/cds/Oryctolagus_cuniculus.OryCun2.0.cds.all.fa.gz
/pub/release-96/fasta/oryzias_latipes/cds/Oryzias_latipes.ASM223467v1.cds.all.fa.gz
/pub/release-96/fasta/oryzias_latipes_hni/cds/Oryzias_latipes_hni.ASM223471v1.cds.all.fa.gz
/pub/release-96/fasta/oryzias_latipes_hsok/cds/Oryzias_latipes_hsok.ASM223469v1.cds.all.fa.gz
/pub/release-96/fasta/oryzias_melastigma/cds/Oryzias_melastigma.Om_v0.7.RACA.cds.all.fa.gz
/pub/release-96/fasta/otolemur_garnettii/cds/Otolemur_garnettii.OtoGar3.cds.all.fa.gz
/pub/release-96/fasta/ovis_aries/cds/Ovis_aries.Oar_v3.1.cds.all.fa.gz
/pub/release-96/fasta/pan_paniscus/cds/Pan_paniscus.panpan1.1.cds.all.fa.gz
/pub/release-96/fasta/pan_troglodytes/cds/Pan_troglodytes.Pan_tro_3.0.cds.all.fa.gz
/pub/release-96/fasta/panthera_pardus/cds/Panthera_pardus.PanPar1.0.cds.all.fa.gz
/pub/release-96/fasta/panthera_tigris_altaica/cds/Panthera_tigris_altaica.PanTig1.0.cds.all.fa.gz
/pub/release-96/fasta/papio_anubis/cds/Papio_anubis.Panu_3.0.cds.all.fa.gz
/pub/release-96/fasta/paramormyrops_kingsleyae/cds/Paramormyrops_kingsleyae.PKINGS_0.1.cds.all.fa.gz
/pub/release-96/fasta/parus_major/cds/Parus_major.Parus_major1.1.cds.all.fa.gz
/pub/release-96/fasta/pelodiscus_sinensis/cds/Pelodiscus_sinensis.PelSin_1.0.cds.all.fa.gz
/pub/release-96/fasta/periophthalmus_magnuspinnatus/cds/Periophthalmus_magnuspinnatus.PM.fa.cds.all.fa.gz
/pub/release-96/fasta/peromyscus_maniculatus_bairdii/cds/Peromyscus_maniculatus_bairdii.HU_Pman_2.1.cds.all.fa.gz
/pub/release-96/fasta/petromyzon_marinus/cds/Petromyzon_marinus.Pmarinus_7.0.cds.all.fa.gz
/pub/release-96/fasta/phascolarctos_cinereus/cds/Phascolarctos_cinereus.phaCin_unsw_v4.1.cds.all.fa.gz
/pub/release-96/fasta/piliocolobus_tephrosceles/cds/Piliocolobus_tephrosceles.ASM277652v2.cds.all.fa.gz
/pub/release-96/fasta/poecilia_formosa/cds/Poecilia_formosa.PoeFor_5.1.2.cds.all.fa.gz
/pub/release-96/fasta/poecilia_latipinna/cds/Poecilia_latipinna.P_latipinna-1.0.cds.all.fa.gz
/pub/release-96/fasta/poecilia_mexicana/cds/Poecilia_mexicana.P_mexicana-1.0.cds.all.fa.gz
/pub/release-96/fasta/poecilia_reticulata/cds/Poecilia_reticulata.Guppy_female_1.0_MT.cds.all.fa.gz
/pub/release-96/fasta/pogona_vitticeps/cds/Pogona_vitticeps.pvi1.1.cds.all.fa.gz
/pub/release-96/fasta/pongo_abelii/cds/Pongo_abelii.PPYG2.cds.all.fa.gz
/pub/release-96/fasta/procavia_capensis/cds/Procavia_capensis.proCap1.cds.all.fa.gz
/pub/release-96/fasta/prolemur_simus/cds/Prolemur_simus.Prosim_1.0.cds.all.fa.gz
/pub/release-96/fasta/propithecus_coquereli/cds/Propithecus_coquereli.Pcoq_1.0.cds.all.fa.gz
/pub/release-96/fasta/pteropus_vampyrus/cds/Pteropus_vampyrus.pteVam1.cds.all.fa.gz
/pub/release-96/fasta/pundamilia_nyererei/cds/Pundamilia_nyererei.PunNye1.0.cds.all.fa.gz
/pub/release-96/fasta/pygocentrus_nattereri/cds/Pygocentrus_nattereri.Pygocentrus_nattereri-1.0.2.cds.all.fa.gz
/pub/release-96/fasta/rattus_norvegicus/cds/Rattus_norvegicus.Rnor_6.0.cds.all.fa.gz
/pub/release-96/fasta/rhinopithecus_bieti/cds/Rhinopithecus_bieti.ASM169854v1.cds.all.fa.gz
/pub/release-96/fasta/rhinopithecus_roxellana/cds/Rhinopithecus_roxellana.Rrox_v1.cds.all.fa.gz
/pub/release-96/fasta/saccharomyces_cerevisiae/cds/Saccharomyces_cerevisiae.R64-1-1.cds.all.fa.gz
/pub/release-96/fasta/saimiri_boliviensis_boliviensis/cds/Saimiri_boliviensis_boliviensis.SaiBol1.0.cds.all.fa.gz
/pub/release-96/fasta/salvator_merianae/cds/Salvator_merianae.HLtupMer3.cds.all.fa.gz
/pub/release-96/fasta/sarcophilus_harrisii/cds/Sarcophilus_harrisii.DEVIL7.0.cds.all.fa.gz
/pub/release-96/fasta/scleropages_formosus/cds/Scleropages_formosus.ASM162426v1.cds.all.fa.gz
/pub/release-96/fasta/scophthalmus_maximus/cds/Scophthalmus_maximus.ASM318616v1.cds.all.fa.gz
/pub/release-96/fasta/serinus_canaria/cds/Serinus_canaria.SCA1.cds.all.fa.gz
/pub/release-96/fasta/seriola_dumerili/cds/Seriola_dumerili.Sdu_1.0.cds.all.fa.gz
/pub/release-96/fasta/seriola_lalandi_dorsalis/cds/Seriola_lalandi_dorsalis.Sedor1.cds.all.fa.gz
/pub/release-96/fasta/sorex_araneus/cds/Sorex_araneus.COMMON_SHREW1.cds.all.fa.gz
/pub/release-96/fasta/spermophilus_dauricus/cds/Spermophilus_dauricus.ASM240643v1.cds.all.fa.gz
/pub/release-96/fasta/sphenodon_punctatus/cds/Sphenodon_punctatus.ASM311381v1.cds.all.fa.gz
/pub/release-96/fasta/stegastes_partitus/cds/Stegastes_partitus.Stegastes_partitus-1.0.2.cds.all.fa.gz
/pub/release-96/fasta/sus_scrofa/cds/Sus_scrofa.Sscrofa11.1.cds.all.fa.gz
/pub/release-96/fasta/taeniopygia_guttata/cds/Taeniopygia_guttata.taeGut3.2.4.cds.all.fa.gz
/pub/release-96/fasta/takifugu_rubripes/cds/Takifugu_rubripes.FUGU5.cds.all.fa.gz
/pub/release-96/fasta/tetraodon_nigroviridis/cds/Tetraodon_nigroviridis.TETRAODON8.cds.all.fa.gz
/pub/release-96/fasta/theropithecus_gelada/cds/Theropithecus_gelada.Tgel_1.0.cds.all.fa.gz
/pub/release-96/fasta/tupaia_belangeri/cds/Tupaia_belangeri.TREESHREW.cds.all.fa.gz
/pub/release-96/fasta/tursiops_truncatus/cds/Tursiops_truncatus.turTru1.cds.all.fa.gz
/pub/release-96/fasta/urocitellus_parryii/cds/Urocitellus_parryii.ASM342692v1.cds.all.fa.gz
/pub/release-96/fasta/ursus_americanus/cds/Ursus_americanus.ASM334442v1.cds.all.fa.gz
/pub/release-96/fasta/ursus_maritimus/cds/Ursus_maritimus.UrsMar_1.0.cds.all.fa.gz
/pub/release-96/fasta/vicugna_pacos/cds/Vicugna_pacos.vicPac1.cds.all.fa.gz
/pub/release-96/fasta/vulpes_vulpes/cds/Vulpes_vulpes.VulVul2.2.cds.all.fa.gz
/pub/release-96/fasta/xenopus_tropicalis/cds/Xenopus_tropicalis.JGI_4.2.cds.all.fa.gz
/pub/release-96/fasta/xiphophorus_couchianus/cds/Xiphophorus_couchianus.Xiphophorus_couchianus-4.0.1.cds.all.fa.gz
/pub/release-96/fasta/xiphophorus_maculatus/cds/Xiphophorus_maculatus.X_maculatus-5.0-male.cds.all.fa.gz
/pub/release-96/fasta/zonotrichia_albicollis/cds/Zonotrichia_albicollis.Zonotrichia_albicollis-1.0.1.cds.all.fa.gz
